title,company,location,salary,description,city,state
Data Scientist,NxT Level,"Seattle,  WA",142500,"We are looking for a passionate Data Scientists that are looking to deep dive into a Seattle, WA company that's growing exponentially....",Seattle, WA
Data Scientist,Central Intelligence Agency,"Washington,  DC",91066,"Data Scientists organize and interpret Big Data to inform US decision makers, drive successful operations and shape CIA technology and resource investments....",Washington, DC
Data Scientist,Keyo,"Palo Alto,  CA",160000,"We’re looking for talented junior and senior data scientists to join our diverse and fast-growing data team. As a data scientist, you’ll build and implement the...",Palo Alto, CA
Data Scientist,"Computer Enterprises, Inc. (CEI)","Philadelphia,  PA",160000,"Excel, SQL, SAS, R, and Tableau) through determination of appropriate analytic approach (sample data analysis, trending, regression, etc.)....",Philadelphia, PA
Software Engineer - Machine Learning,NxT Level,"Seattle,  WA",117500,"MS or PhD degree in Computer Science, Artificial Intelligence, Machine Learning, or related technical field. Exceptional project management skills....",Seattle, WA
"Principal Software Engineer, Data Science",MatchPointe Group,"Santa Clara,  CA",125000,"Scientific Programming experience with Python – Numpy / Pandas / SciKitlearn / Matplotlib. Principal Software Engineer, Data Science....",Santa Clara, CA
Data Scientist,Workbridge Associates,"Washington,  DC",125000,A leading provider of data and technology for companies that support and promote free enterprise is looking to bring on a Data Scientist with management...,Washington, DC
Data Scientist,Darwin Recruitment,"Boston,  MA",120000,"Data Scientist - Machine Learning - NLP - Python - R - Bayesian Statistics - Frequentist - Boston. Use machine learning nlp to a data rich environment,...",Boston, MA
"Principle Scientist, Data Science, System integration",MatchPointe Group,"Santa Clara,  CA",125000,"Principal Scientist, Data Science, System Integration. Develop a Bio-Physics understanding of the root mechanisms behind the data analysis....",Santa Clara, CA
Data Scientist,Platinum Solutions,"Houston,  TX",100000,The Data Scientist works with the advanced analytics team on data and business intelligence resources to build and deliver advanced analytics capabilities to...,Houston, TX
"Data Scientist II, Sequencing",Enterprise Select,"Pleasanton,  CA",120000,"The successful candidate must be excited about learning new concepts from chemistry, physics, algorithm development and electrical engineering and applying them...",Pleasanton, CA
Machine Learning Engineer,CTI Consulting,"Miami,  FL",120000,"Experience applying machine learning techniques to noisy, uncertain and/or dynamic data sets. Design and implementation of machine learning software solutions...",Miami, FL
Data Scientist,indify,"New York,  NY",130000,Indify data scientists contribute to all aspects of the platform and are a vital part of envisioning and creating the future of our product....,New York, NY
Data Scientist,ZP Group,"Raleigh,  NC",105000,"The Data Scientist will be in charge of data management, data organization, data modeling, and data analytics....",Raleigh, NC
Technical Data Analyst,Sharp Action LLC,"Somerville,  MA",72500,Put data models (from data scientist) into production. Automate data scrubbing for machine learning model input....,Somerville, MA
"Senior Analyst, Advanced Analytics",Liberty Mutual,"Boston,  MA",94100,You will also support these data scientists in manual scoring of data for some deployed complex models. There is also the opportunity to learn to build simple...,Boston, MA
Data & Research Analyst,The Council,"Washington,  DC",82500,"Identify key macro and micro trends in the industry through robust research, leveraging data and analytics to produce meaningful insights....",Washington, DC
Research Data Analyst,Johns Hopkins University,"Baltimore,  MD",51114,If you are interested in applying for employment with The Johns Hopkins University and require special assistance or accommodation during any part of the pre...,Baltimore, MD
Sr Data Scientist,PMES,"New York,  NY",155000,"Data manipulation and analysis using SQL, noSQL, Java, C, SAS, and machine learning suites such as Mahout, Weka, and RapidMiner:....",New York, NY
Data Scientist (13262B),University of Utah,"Salt Lake City,  UT",112000,"Health Sciences Strategy is a dynamic, fast-paced work environment in which data scientists contribute to an array of projects aimed at achieving core health...",Salt Lake City, UT
Data Scientist,ITStaff Technical Resources,"Santa Clara,  CA",102500,"Scientific programming experience (Matlab, R, Python, etc.). You must be driven to learn new concepts from chemistry, physics, algorithm development and...",Santa Clara, CA
Senior Projections and Statistical Analy...,Employment Security Department,"Lacey,  WA",77500,"R, SQL, C# or JavaScript) to collect, clean and transform data from large databases (big data or internal databases), implement statistical or econometric...",Lacey, WA
"SENIOR RESEARCH ANALYST, PORTALS",Denver Public Schools,"Denver,  CO",69673,"Facilitate data loading and validation of district data into portals. Work frequently includes writing queries to pull data, overseeing loading, validation, and...",Denver, CO
Senior Research Analyst (Statistical Analysis),University of Miami,"Coral Gables,  FL",48000,"UHealth-University of Miami Health System, South Florida's only university-based health system, provides leading-edge patient care powered by the ground...",Coral Gables, FL
"Data Scientist, Customer Analytics",All-In Analytics,"San Francisco,  CA",150000,"Seeking a driven data scientist with strong BI and customer analytics experience to work with sales, marketing, and loyalty within the top analytics team at a...",San Francisco, CA
Data Scientist / Machine Learning,ZP Group,"Durham,  NC",117500,Data Scientist - Machine Learning. Piper Enterprise Solutions is seeking a Data Scientist with machine learning experience to join a growing bioinformatics...,Durham, NC
Data Engineer,Enodo Score,"Chicago,  IL",80000,"Working and communicating effectively with an interdisciplinary team of data scientists, software engineers and real estate industry experts....",Chicago, IL
Quantitative Analyst,M-CAM International,"Charlottesville,  VA",85000,"As scientists and researchers, our quantitative analysts use advanced data analysis techniques to glean further information from the financial markets....",Charlottesville, VA
Senior Data Scientist,Workbridge Associates,"Washington,  DC",125000,A leading provider of data and technology for companies that support and promote free enterprise is looking to bring on a Data Scientist to their analytics team...,Washington, DC
"Principal Data Scientist, Sequencing",Enterprise Select,"Santa Clara,  CA",150000,"If you are passionate about machine learning, big data, medical diagnostics and challenging scientific research problems, this is the opportunity of a lifetime!...",Santa Clara, CA
Senior Statistical Researcher - Sheriff Department,City and County of Denver,"Denver,  CO",71671,"Performance of professional-level data analysis to evaluate trends and pattern-based, recurring and predictive analysis support....",Denver, CO
Lead Data Scientist,"Eclat Services, Inc.","Charlottesville,  VA",100000,"Experience with data mining, machine learning, natural language processing, and data visualization. Data Science/Data Mining:....",Charlottesville, VA
"Analyst/Senior Analyst, Advanced Analytics",Liberty Mutual,"Boston,  MA",94100,"Participate in discussions with key stakeholders, such as Underwriting, and GS Analytics modeling team consisting of data scientists to support development of...",Boston, MA
Statistical Analyst,MbSolutions Inc,"Arlington,  VA",80000,The Contractor shall develop data collection processes/procedures and formats for information for utilization by the Government....,Arlington, VA
Data Scientist,Steeful,"Jacksonville,  FL",75000,SAS – fancy data manipulation; Healthcare and marketing/customer care horizontal....,Jacksonville, FL
RESEARCH ASSOCIATE,The University of Iowa,"Iowa City,  IA",40202,Assist research scientists and fellows with hybridoma production. Demonstrates knowledge of trends in field;...,Iowa City, IA
Data Scientist,WorldCover,"New York,  NY",90000,"Your primary focus will be in applying data mining techniques, doing statistical analysis, and building high quality prediction systems integrated with our...",New York, NY
Senior Data Scientist,ZP Group,"Reston,  VA",190000,"Data, big data, petabytes, PhD, statistics, computer science, machine learning, engineering, image classification, neural networks, data processing, algorithms,...",Reston, VA
Data Scientist (Math background),Jobspring Partners,"Washington,  DC",200000,"The data scientist will develop and implement new methods. Generous base salary and bonuses, Full health benefits, generous 401k match plan, flexible Friday...",Washington, DC
Data Scientist (Consumer Loans),Lendmart,"Los Angeles,  CA",55000,"Undertaking knowledge discovery and data mining in large transactional datasets. Performing data extraction, transformation and loading from multiple data...",Los Angeles, CA
Data Scientist,Oliver James Associates,"New York,  NY",160000,"Integrate and mine large data sets, connecting data from disparate sources to identify insights and patterns using predictive and prescriptive analytics, and...",New York, NY
DATA ANALYST,HRA/DEPT OF SOCIAL SERVICES,"Manhattan,  NY",59984,"For Assignment Level I (only physical, biological and environmental sciences and public health) A master's degree from an accredited college or university with...",Manhattan, NY
Data Engineer/Scientist,Employment Trust,"Bellevue,  WA",117500,"Unlock insights from consumer, commerce, and logistics datasets with math/statistical modeling, machine learning, data mining, econometrics to help understand...",Bellevue, WA
Data Scientist,Huxley Associates,"Chicago,  IL",100000,The Data Scientist will be involved with business critical projects and will be working with brand new technology while using machine learning techniques....,Chicago, IL
Data Scientist,Jobspring Partners,"Chicago,  IL",130000,"The role will allow you take ownership of your work, and continuously learn from intelligent and hard-working data scientists....",Chicago, IL
Criminal Patronage Network (CPN) Research Analyst / Advisor,Quiet Professionals LLC,"Reston,  VA",180000,Salary ranges from $180k-$220k based on experience.*. (min 3 yrs) Counter-Threat Finance methods and tools:. \*THIS POSITION IS IN KABUL\**....,Reston, VA
Senior Research & Policy Analyst,Population Action International (PAI),"Washington,  DC",72500,"Ensure that project work is implemented in an efficient, effective manner that aligns with PAI target objectives, manages project budget, and oversee project...",Washington, DC
Data Scientist,The Connors Group,"New Jersey, NJ",160000,"Our data processing and modeling pipelines are built using Spark, MapReduce,Pig, Hive, Kafka, ElasticSearch, HBase, Cassandra, and other open-source platforms....",New Jersey,NJ
Research Scientist,Ohio State University Medical Center,"Ohio, OH",48738,"Research Scientist to plan, develop and build an independent research program resulting in publishable contributions to knowledge which answer important...",Ohio,OH
Data Scientist,"Gunther Douglas, Inc.","Washington,  DC",125000,"Five (5) or more years of relevant advanced analytics experience – strong proficiency in advanced statistical, predictive and machine learning techniques (agent...",Washington, DC
Machine learning / AI / Restful API web services Engineer at...,CareerMonks,"Atlanta,  GA",120000,"Familiarity with No SQL databases, bot framework, data streaming and integrating unstructured data will be plus....",Atlanta, GA
NETWORK OPERATIONS RESEARCH ANALYST EAS,United States Postal Service,"Washington,  DC",88746,"The salary will be based on previous experience, salary history, and current postal pay policies. We offer excellent benefits including health and life...",Washington, DC
DATA ANALYST,HRA/DEPT OF SOCIAL SERVICES,"Manhattan,  NY",59984,"The Data Analyst will:. Experience with data visualization techniques. Organizations to utilize new technological resources, encourage data sharing,....",Manhattan, NY
Data Scientist,indify,"New York,  NY",130000,"You'll have your hands in all parts of indify's data pipeline including building out the algorithms driving the heart of indify, constructing data pipelines to...",New York, NY
Data Scientist,Oliver James Associates,"New York,  NY",160000,Data Science / Analytics:. If you are a Data Scientist with extensive Machine Learning experience then get in touch with me for a confidential career discussion...,New York, NY
Sr Quantitative Finance Analyst,Sr Quantitative Finance Analyst,"New York,  NY",140000,"Job description This role is responsible for: * leading the development efforts of new models and diagnostic tools, * define and enhance the bank credit and",New York, NY
Data Scientist,WorldCover,"New York,  NY",90000,We are looking for a talented data scientist who is excited to tackle the challenges unique to our markets:. Optimizing customer data collection processes and...,New York, NY
Data Scientist,Scienaptic Systems Inc,"New York,  NY",100000,"We are looking for an energetic and experienced person as Data Scientist. Ability to code on SAS/R for data munging, SQL queries based data exploration &...",New York, NY
Data Architect/ Data Engineer,"Envisagenics, Inc.","New York,  NY",87500,"He/she will collaborate with a team of software developers, data scientists and front-end designers to help tune databases for peak performance, ensure...",New York, NY
Senior Research Analyst,Research Foundation of The City University of New...,"New York,  NY",75000,"Follow protocols for gathering quantitative and qualitative data, coding data or information, constructing data bases using specified technology, analyzing data...",New York, NY
Data Scientist,Enterprise Select,"New York,  NY",130000,"2+ years practical experience as a data scientist or similar quantitative role. We are specifically looking for an experienced Data Scientist who is proactive,...",New York, NY
Data Analyst,ADMIN FOR CHILDREN'S SVCS,"Manhattan,  NY",79249,"Perform analytic tasks, using individual and/or case level data as well as aggregate data, including running queries, conducting analyses and developing reports...",Manhattan, NY
Junior Data Scientist,Oliver James Associates,"New York,  NY",110500,"3+ years of professional experience working as a Data Scientist. Machine learning, data visualization, statistical modeling, data mining, or information...",New York, NY
Principal Data Scientist,Averity,"New York,  NY",167500,"As a Principal Data Scientist on our team, you will be a hands-on Data Scientist creating actionable insights based upon our big data sets....",New York, NY
Lead Data Scientist,Averity,"New York,  NY",130000,"As a Data Scientist in our Operational Analytics team, you lead and manage a team of data scientists ultimately responsible for driving our company's...",New York, NY
"Data Manager – Researcher, Bureau of Children, Youth & Famil...",DEPT OF HEALTH/MENTAL HYGIENE,"New York,  NY",75557,"Experience designing and conducting analyses of large secondary datasets, including analysis of complex survey data....",New York, NY
Health Scientist,Centers for Disease Control and Prevention,"New York,  NY",117437,Analyze scientific investigation data. The Centers for Disease Control and Prevention (CDC) is the agency Americans trust with their lives....,New York, NY
Senior Data Scientist ( FinTech / Python / R / ML / Big Data...,Venturi Ltd,"New York,  NY",160000,"Data Scientist, FinTech, Python, R, Machine Learning, Big Data Engineer, Hadoop, Cloudera, SQL, NoSQL, Hortonworks, Java, Data Science, Analyst, Analytics, PhD,...",New York, NY
"Senior Data Scientist for Multi-Billion, Top-Ranked Global C...",Averity,"New York,  NY",110000,"Data Scientist in our Analytics team, you will be join a team of experienced data scientists responsible for providing advanced analytics to support strategic...",New York, NY
Senior Data Scientist ( FinTech / Fraud / Python / R / Machi...,Venturi Ltd,"New York,  NY",117500,"As the Senior Data Scientist you will:. Data Scientist, FinTech, Python, R, Machine Learning, Big Data Engineer, Hadoop, Cloudera, SQL, NoSQL, Hortonworks, Java...",New York, NY
Field Scientist,Miller Advertising,"New York,  NY",62000,"City Research Scientist; Compile, analyze and interpret data and present results. Strong GIS, spatial and statistical analysis and data management skills....",New York, NY
Post-doc Research Scientist,Research Foundation of The City University of New...,"New York,  NY",62500,Postdoctoral Research Scientist. Conducting GIS research on statistical methods for integrating citizen collected data and data from new generation low-cost air...,New York, NY
"Research Scientist for Data Integrity, World Trade Center He...",DEPT OF HEALTH/MENTAL HYGIENE,"Manhattan,  NY",87915,"Under guidance of the Research Director, serve as Registry lead for survey data integrity and data cleaning and develop and manage implementation of data...",Manhattan, NY
Field Scientist,DEPT OF PARKS & RECREATION,"Manhattan,  NY",62000,"Compile, analyze and interpret data and present results. Strong GIS, spatial and statistical analysis and data management skills....",Manhattan, NY
Machine Learning Engineer,Darwin Recruitment,"New York,  NY",130000,"Experience with data processing and storage frameworks like Hadoop, Scaling, Spark. Apply machine learning, NLP and deep learning methods to ever growing data...",New York, NY
"Panel Maintenance Analyst, World Trade Center Health Registr...",DEPT OF HEALTH/MENTAL HYGIENE,"Manhattan,  NY",65977,"-Assisting in survey intake, data capture processes, data cleaning and outreach for Registry follow-up surveys and ancillary studies....",Manhattan, NY
Data Analyst,POLICE DEPARTMENT,"New York,  NY",79249,"Extensive knowledge of applied statistics, analytics, machine learning, data science or big data tools....",New York, NY
"Project Associate, EQUAL",NYU Global TIES for Children,"New York,  NY",52000,Willingness and ideally interest in developing further statistical and data analysis skills. Alice Wuermli (Research Scientist and Associate Director of Global...,New York, NY
Machine Learning Researcher,Execu | Search,"New York,  NY",125000,Data collection and analysis. Demonstrated ability to conduct independent research utilizing large data sets....,New York, NY
"Environmental Analyst, Bureau of Environmental Surveillance...",DEPT OF HEALTH/MENTAL HYGIENE,"Manhattan,  NY",78790,Working with analytics team members to improve data quality and report tracking. Completing quality assurance review and documentation for routine and custom...,Manhattan, NY
"VP Data Scientist, Data Science Manager, Data Scientist",Oliver James Associates,"New York,  NY",180000,"We are partnering a Global Insurance organisation to appoint a VP Data Scientist, Data Science Manager and Data Scientist with experience in Life Insurance....",New York, NY
Hydrologist,DEPT OF PARKS & RECREATION,"Manhattan,  NY",78000,"Strong GIS, spatial and statistical analysis and data management skills. Compile, analyze and interpret data and present results using field and desktop...",Manhattan, NY
EpicCare Ambulatory Analyst: Research-Registry TP136,Edwards Place of Employment,"New York,  NY",112500,Salary: $100k - $125k Relo: $5k signing bonus Our client company is looking for an experienced analyst to tailor the EPIC system to fit their needs. *This,New York, NY
"Quantitative Business Analyst, AVP - NYC",Huxley Associates,"New York,  NY",135000,"My client, a leading global investment bank is seeking an associate level/AVP quant analyst to work in a hybrid quant business analyst role for their Risk",New York, NY
Data Engineer,Harnham,"New York,  NY",150000,Work closely with data scientists to help map data fields to hypotheses and prepare data for use in their highly advanced analytical models....,New York, NY
Senior Project Manager,HRA/DEPT OF SOCIAL SERVICES,"Manhattan,  NY",86565,"Provides technical assistance on available data sources, data base construction,. Research and utilize program data and administrative data to manage project....",Manhattan, NY
Data Analyst/Modeler,DEPARTMENT OF FINANCE,"Manhattan,  NY",75557,"Strong programming, data analysis, statistical sampling or data mining experience. The Tax Policy, Data Intelligence Group (DIG) unit seeks an experienced...",Manhattan, NY
Data Scientist (People Analytics/HR),Averity,"New York,  NY",215000,You should have working experience as a Data Scientist past your education. If you are a Data Scientist with a particular interest in applying data analytics to...,New York, NY
NLP Scientist-R&D,WSI Nationwide,"New York,  NY",140000,"NLP Scientist-R&D, Data Scientist. They need great scientists who also are great coders. First and foremost we need great scientists who also are great coders....",New York, NY
Environmental Permits Coordinator,DEPT OF PARKS & RECREATION,"Manhattan,  NY",65977,"Use ArcGIS software to map, visualize and spatially analyze data. Strong GIS, spatial and statistical analysis, and data management skills....",Manhattan, NY
Research Implementation Supervisor,Center for Latino Adolescent and Family Health - N...,"New York,  NY",48000,"Experience with data collection, such as administering surveys, in-depth interviews, or focus groups. Lead and supervise a team responsible for recruiting...",New York, NY
Project Manager,HRA/DEPT OF SOCIAL SERVICES,"Manhattan,  NY",76643,"The Office of Data Reporting & Analysis is recruiting for two (2) City Research Scientists II, to function....",Manhattan, NY
Data Scientist (Media Company),Averity,"New York,  NY",120000,"Our team is made up of five data scientists, and you will be number six. Our Data Science team is made up of five well educated and very smart individuals....",New York, NY
Compliance Team Leader,DEPT. OF HOMELESS SERVICES,"Manhattan,  NY",90981,The City Research Scientist Level 3 will be tasked with:. §Design and maintain reporting tools to simplify and streamline data consumption....,Manhattan, NY
Water Quality Analyst,DEPT OF ENVIRONMENT PROTECTION,"New York,  NY",79249,S/he must also demonstrate the ability to connect technical data to policy level needs. Two years as a City Research Scientist Level I can be substituted for...,New York, NY
City Research Scientist,DEPT OF ENVIRONMENT PROTECTION,"New York,  NY",79249,"Participating in data collection, analysis, interpretation, and generating reports on data, findings, and results....",New York, NY
Manager - Predictive Modeling,Oliver James Associates,"New York,  NY",170000,Are you passionate about data? Do you have experience in the Life insurance market?...,New York, NY
Overdose Prevention Coordinator,DEPT. OF HOMELESS SERVICES,"Manhattan,  NY",83421,"Perform data collection and track and analyze naloxone distribution data and overdose reversal reports, create and manage reports, prepare quarterly Intranasal...",Manhattan, NY
Postdoctoral Fellow,Icahn School of Medicine at Mount Sinai,"New York,  NY",55000,The applicant should also be fluent in a one or several data programming languages such as R. Other important requirements for this position are handling of BIG...,New York, NY
Senior Systematic Quantitative Analyst - Multi-billion Dolla...,Averity,"New York,  NY",200000,"Looking for a strong Quantitative Analyst, Researcher or Data Scientist who is interested in an opportunity to work at one of the most reputable, top...",New York, NY
"Manager, Client Strategy",DemystData,"New York,  NY",92500,"We are a collection of engineers, data scientists and industry experts. DemystData transforms the way financial institutions harness data....",New York, NY
Marketing Research Analyst/Consumer Insights Analyst,The Forum Group,"New York,  NY",55000,"Work with Group Manager/Director on client requests, analyze data and produce deliverables. Should be able to interpret data from different perspectives, assist...",New York, NY
Full-Stack Data Scientist,Averity,"New York,  NY",130000,We are looking for a data scientist that can utilize data from start to finish to join one of the most exciting data research companies in New York....,New York, NY
Water Resources Analyst,DEPT OF ENVIRONMENT PROTECTION,"New York,  NY",79249,"Experience with ESRI software and spatial data analysis, water resources and stormwater management concepts are highly desired....",New York, NY
Senior Big Data Engineer,Harnham,"New York,  NY",140000,You will join the data engineering team and work closely with other software engineers and data scientists. Senior Big Data Engineer....,New York, NY
Senior Data Engineer,Harnham,"New York,  NY",175000,"Senior Data Engineer. Design, implement and maintain high performance data infrastructure/systems, data processing pipelines....",New York, NY
Security Research Analyst-Virtual Nationwide,ALC Staffing Associates,"New York,  NY",118000,Experience applying data science approaches to the malware analysis problem space. Assess technical data derived from malware analysis to draw conclusions...,New York, NY
Head of Machine Learning,Execu | Search,"New York,  NY",162500,Experience working with and managing large data sets. 5+ years of experience in a Machine Learning role utilizing natural language processing and data mining....,New York, NY
Manager of Statistical Programming,Whiz Finder Corporation,"East Hanover,  NJ",150000,"Generate data listings, tables and figures from clinical data, using SAS or other statistical software. Program statistical analysis of the clinical data under...",East Hanover, NJ
Quantitative Analyst,Execu | Search,"New York,  NY",175000,"Analyze large structured and unstructured data sets such as internal trade data, risk data, fundamental data, and sentiment data....",New York, NY
Software Engineer - Machine Learning,NxT Level,"Seattle,  WA",117500,Practical experience in using statistics in analyzing and processing data. You’ll join a top-notch technology team that is dedicated to solving some of the...,Seattle, WA
Internet Research Analyst,"G2 Web Services, LLC","Bellevue,  WA",35000,"Located in Bellevue, WA we are seeking an experienced data entry person who can review websites and enter them into appropriate content categories....",Bellevue, WA
Environmental Compliance Coordinator,King County,"Seattle,  WA",93350,"Skill in analyzing and interpreting technical data. FESU is the Division's professional and technical services unit that consists of approximately 30 engineers,...",Seattle, WA
Business Intelligence Scientist,All-In Analytics,"Seattle,  WA",125000,"Business Intelligence Scientist. SQL, Digital Analytics, eCommerce, Big Data, A/B Testing, data mining, data analysis, reporting, dashboarding, product...",Seattle, WA
Senior Data Scientist,Smith Hanley Associates,"Seattle,  WA",160000,"Senior Data Scientist. You must have a minimum of 4 years' industry experience working with real data (data cleaning, data visualization and modeling)....",Seattle, WA
Predoctoral Research Fellow,Seattle Children's Hospital,"Seattle,  WA",45850,"The fellow will be mentored by the program director, a computer scientist and developmental researcher, and involved in an active community of clinical and...",Seattle, WA
Software Development Engineer (Back End) (Local candidates o...,Laetus Recruitment,"Seattle,  WA",135000,"The position is at a fast-growing startup in an emerging industry consisting of data scientists, engineers, product marketers and financiers....",Seattle, WA
Associate Analytics Analyst - Liberty Mutual Surety,Liberty Mutual,"Seattle,  WA",59500,Opportunities to advance through Advanced Analytics and Data Scientist career tracks. Summarize and create visualizations of data....,Seattle, WA
Variant Scientist (Remote),Lighthouse Recruiting,"Seattle,  WA",95000,"Join our Medical Laboratory Scientists Groups:. Familiarity with databases, tools, and resources commonly used in interpretation of genomic data....",Seattle, WA
Bioinformatics Analyst,Lighthouse Recruiting,"Seattle,  WA",85000,Working with a team of scientists to develop new technologies and protocols and scaling genomic data production....,Seattle, WA
Senior Safety Scientist,Das Consulting,"San Francisco,  CA",225000,"SENIOR SAFETY SCIENTIST*. Core Data SheetLead/support PDS post-marketing safety study activities. Ability to evaluate, interpret and synthesize scientific data...",San Francisco, CA
"Senior Scientist III, Pre-Clinical Safety",EPM Scientific,"Redwood City,  CA",140000,"Senior Scientist III/ Research Scientist, Pre-Clinical Safety*. Principal Scientist | GLP Toxicology*. Specific role includes maintaining knowledge of emerging...",Redwood City, CA
Associate Data Scientist,Harnham,"San Mateo,  CA",130000,Associate Data Scientist. YOUR ROLE AS ASSOCIATE DATA SCIENTIST:. Prior experience in a Data Science or Analytical capacity....,San Mateo, CA
Senior Data Scientist (Python),Workbridge Associates,"San Francisco,  CA",170000,"This is an excellent opportunity for junior full-stack data scientists that want to own the entire modeling and data pipeline, and seek an opportunity with an...",San Francisco, CA
Senior Data Scientist,Workbridge Associates,"San Francisco,  CA",200000,One of the largest media conglomerates in the world is looking to bring on a Senior Data Scientist onto their Media Processing team....,San Francisco, CA
Data Acquisition Programmer,Ceres Imaging,"Oakland,  CA",120000,"Data Acquisition Programmer. Strong background programming hardware or instrumentation, preferably with an emphasis on data collection/logging....",Oakland, CA
Director of Data Science,Harnham,"San Francisco,  CA",230000,"Data Science, Data Scientist, Director, Head of, VP, Big Data, R, SQL, Python, Insight, Analytics, Data, Statistics, Modelling, Machine Learning....",San Francisco, CA
"1809 Education Policy Analyst - Research, Evaluation, Policy...",San Francisco Unified School District - COE,"San Francisco,  CA",102473,Promote the use of this progress data by internal and external stakeholder groups. Advise district leadership and decision-making committees on findings from...,San Francisco, CA
Senior Research Engineer (Machine Learning),Workbridge Associates,"San Francisco,  CA",150000,Experience working closely with data engineering's. Fraud detection and big data analytics software startup in San Mateo is hiring a Senior Research Engineer...,San Francisco, CA
Teradata Analyst,International Solution Sources LLC,"San Francisco,  CA",50000,"A genuine interest in pursuing a career in Data Analytics / Data Scientist, implementing analytical techniques and concepts such as;...",San Francisco, CA
Algorithm Software Sequencing Scientist,PLE,"San Francisco Bay Area,  CA",135000,"Algorithm Software Sequencing Scientist*. That's because you will not only be working with the best scientists in the country, you will also be doing the most...",San Francisco Bay Area, CA
Data Scientist (Machine Learning),Corporate Labs Technology,"Brisbane,  CA",145000,"Machine Learning Developer Brisbane, CA Sign on bonus Stocks! Up to 10% bonuses $110-180k depending on experience Fast growing social media company is",Brisbane, CA
Marketing and Recruitment Specialist Job - Fung Inst.,University of California Berkeley,"Berkeley,  CA",67850,"Ensures all data is current and solicits new content on a regular basis. The Coleman Fung Institute for Engineering Leadership, launched in January 2010,...",Berkeley, CA
Data Scientist (Python),Workbridge Associates,"San Francisco,  CA",170000,"This is an excellent opportunity for junior full-stack data scientists that want to own the entire modeling and data pipeline, and seek an opportunity with an...",San Francisco, CA
Machine Learning Algorithm Engineer,3coast,"San Mateo,  CA",150000,Build scalable data systems using Hadoop stack technologies. Prior experience applying strong mathematics fundamentals in data analysis and modeling....,San Mateo, CA
Sr. Customer Success Manager,Smarking,"San Francisco,  CA",80000,"Smarking is a group of driven data scientists, MIT PhDs, engineers, transportation nerds, and business professionals working to introduce elegant solutions to...",San Francisco, CA
Planning and Research Analyst (HSI-Grant Funded),San Mateo County Community College District,"San Mateo,  CA",97116,"Uses software packages to retrieve, edit, and tabulate data from various databases and files and data sources;...",San Mateo, CA
Public Health Research Analyst,Metropolitan Area Planning Council,"Boston,  MA",60000,"Proficiency with R, Python, PostgresSQL, STATA, or other statistical and data management tools preferred. Analyze both traditional and non-traditional data...",Boston, MA
Data Visualization Research Specialist,Northeastern University - Network Science Institut...,"Boston,  MA",50000,"The lab of Professor Albert-László Barabási, together with the Network Science Institute at Northeastern University and the Division of Network Medicine at...",Boston, MA
"Analyst/Senior Analyst, Advanced Analytics",Liberty Mutual,"Boston,  MA",94100,"Preferred experience manipulating and analyzing data. Participate in discussions with key stakeholders, such as Underwriting, and GS Analytics modeling team...",Boston, MA
Data Analytics Manager / Machine Learning Specialist,Strategic Employment Partners,"Newton,  MA",130000,"5+ years of experience as a Data Analytics Manager, Machine Learning Engineer, Data Scientist, etc. Work with various team members ranging from Data Scientists,...",Newton, MA
Logistics Technician,Abcam,"Cambridge,  MA",38500,"Process incoming shipments from suppliers, ensuring accuracy of all product data. Abcam Logistics is focused on providing the world’s best research tools to...",Cambridge, MA
Sr. Quantitative Analyst,Huxley Associates,"Boston,  MA",200000,The Analyst will focus on Equity research across a number of key initiatives and provide investment insights through the use of broad data and analytic tools....,Boston, MA
"Software Engineers (Scala / Java / Python, Hadoop, Machine L...",WinterWyman,"Boston,  MA",120000,"Any experience with big data, machine learning, Hadoop, messaging frameworks, etc. is a plus. You will work on consumer and enterprise (SaaS) systems that...",Boston, MA
Machine Learning Engineer,Darwin Recruitment,"Boston,  MA",175000,"Experience with data processing and storage frameworks like Hadoop, Scaling, Spark. Apply machine learning, NLP and deep learning methods to huge data sets....",Boston, MA
Research Analyst III,Commonwealth of Massachusetts,"Boston,  MA",66890,"Determine methods and procedures for data collection, including developing or identifying appropriate data collection tools and protocols;...",Boston, MA
Lead Data Scientist,All-In Analytics,"Wellesley,  MA",145000,Deep knowledge of advanced analytics tools and languages to analyze large data sets from multiple data sources....,Wellesley, MA
Sr. Data Architect,All-In Analytics,"Boston,  MA",190000,"The dashboards will be internationalized and used by our data associates, research scientists, and managers around the world....",Boston, MA
SENIOR DIRECTOR OF DATA SCIENCE - RETAIL,Harnham,"Boston,  MA",180000,"Team management, mentoring & leadership experience overseeing highly-educated data scientists & analysts. A Data Science & Machine Learning approach is required...",Boston, MA
Data Engineer,Jobspring Partners,"Boston,  MA",150000,Analytics automation company in downtown Boston is looking to hire a Senior Data Scientist to join their newly formed Data Services team....,Boston, MA
Research Analyst,"Asset Recovery Advisors, Inc.","Newton,  MA",32500,Data entry pertaining to ongoing research and data management using excel and other processing software. Is a Massachusetts based research firm specializing in...,Newton, MA
Senior Machine Learning Engineer,Darwin Recruitment,"Boston,  MA",175000,"Experience with data processing and storage frameworks like Hadoop, Scaling, Spark. Apply machine learning, NLP and deep learning methods to huge data sets....",Boston, MA
"Lead Scientist, Computational Biology",HireMinds,"Cambridge,  MA",100000,"Data analysis and integration into refinements of the algorithm. Exciting, new Cambridge, MA Start-Up Company backed by well-known Venture Firm is looking to...",Cambridge, MA
"Director I, Applied Science, Solaria Labs",Liberty Mutual,"Boston,  MA",144550,"As a Data Scientist focused on ML, you will utilize current and emerging ML techniques to build predictive models from large structured and unstructured data...",Boston, MA
Market Research Analyst,AP Staffing,"Boston,  MA",36000,Ability to maintain attention to detail while accurately interpreting source data. Experience in a data driven or research based role using primary and...,Boston, MA
Entry Level Analytical Chemist,"480 Biomedical, Inc.","Watertown,  MA",50000,"Analyze and interpret data generated and record data in the appropriate format. We are a multi-disciplinary team of biologists, chemists, materials scientists,...",Watertown, MA
Lead EMI Qualification Test Engineer,CEC,"Billerica,  MA",120000,"Set-up hardware, collect data, analyze data and write reports. Technicians, engineers, scientists and consultants....",Billerica, MA
Data Scientist,Darwin Recruitment,"Boston,  MA",120000,"Data Scientist - Machine Learning - NLP - Python - R - Bayesian Statistics - Frequentist - Boston. Our client, a market leading online advertising business, are...",Boston, MA
Machine Learning Engineer,Jobspring Partners,"Boston,  MA",147500,Established software product company located on the North Shore of MA is diving in to the exciting world of Machine Learning. Their product is a complex,Boston, MA
Clinical Laboratory Surveyor,Commonwealth of Massachusetts,"Boston,  MA",73570,"Ability to analyze and determine the applicability of health care data, to draw conclusions and make appropriate recommendations....",Boston, MA
Quantitative Analyst or Manager Decision Sciences,Analytic Recruiting,"Boston,  MA",110000,Analyst or Manager will leverage data assets to optimize profitability and improve consumer and small banking customer experience....,Boston, MA
SQL*Server Database Developer,"Horizons Recruitment, Inc.","Boston,  MA",145000,Experience working with very large data sets and large databases is preferred. We're looking for a software engineer with deep knowledge of the Microsoft...,Boston, MA
"Data Scientist - Fintech startup, R, Python, big data",The Bivium Group,"Boston,  MA",140000,"Key need is a Data Scientist (3+ years), MUST Have prior startup experience. Large data sets, working with distributed computing tools a plus (Map/Reduce,...",Boston, MA
"Manager, Exploratory Statistics",Penfield Search Partners,"Cambridge,  MA",150000,"Expertise in genetic, genomic and proteomics data analysis, including raw data processing and modeling of processed/normalized data, and familiarity with...",Cambridge, MA
Biostatisticians / Boston / Precision Medicine,Invenia Resourcing,"Boston,  MA",120000,"Continuously monitor data readout and compile analysis reports to customers. Stay up-to-date on, apply and develop cutting-edge data analysis tools and...",Boston, MA
Senior Research Scientist,Jobspring Partners,"Cambridge,  MA",160000,"This team is looking for a lead, and two senior data scientists to jump start the deep learning techniques on their team....",Cambridge, MA
"Scientific Director, Oncology/ RNA Diagnostics",TEC Group International,"Cambridge,  MA",175000,Lead a team of research and assay development scientists to develop LDT/ IVD product offerings using cutting edge technology....,Cambridge, MA
Software Development Engineer,WDS Global Partners LLC,"Boston,  MA",145000,Strong knowledge of massive-scale data processing frameworks*. Ability to work in a multidisciplinary group of scientists*....,Boston, MA
E-mail Marketing Rockstar - Manager,IntelyCare,"Quincy,  MA",70000,"Team player, comfortable working with design/UX, engineers, data scientists, and product managers. Superior analytical skills and ability to use data to...",Quincy, MA
"Analytics Manager | PhD or MS - Computer Science, AI, Machin...",TEEMA Solutions Group,"Newton,  MA",132500,"In this role you will work with Data Engineers, Data Architects, Software Engineers, Data Scientists, clients and other technical and cross-functional team...",Newton, MA
"Junior Data Scientist (Python, Spark, SciKitLearn)",Workbridge Associates,"Chicago,  IL",100000,A digital marketing firm located in River North is looking for a Junior-Level Data Scientist to join their growing analytics team....,Chicago, IL
Data Engineer,Enodo Score,"Chicago,  IL",80000,"Must be knowledgeable about data modeling, data access, and data storage techniques. Data pipeline/process management, including the organization and...",Chicago, IL
"Analyst/Senior Analyst, Advanced Analytics",Liberty Mutual,"Chicago,  IL",94100,"Preferred experience manipulating and analyzing data. Participate in discussions with key stakeholders, such as Underwriting, and GS Analytics modeling team...",Chicago, IL
Data Scientist,Jobspring Partners,"Chicago,  IL",120000,Big Data (Spark and Scala) experience is a plus. This company is the next Groupon and for the last decade they’ve been rising through the ranks and now they...,Chicago, IL
Lead Data Scientist,Jobspring Partners,"Chicago,  IL",125000,Join one of America’s leaders in providing health benefits as a Lead Data Scientist. 5+ years of experience in Data Science....,Chicago, IL
Senior Data Scientist,Workbridge Associates,"Chicago,  IL",130000,Hiring for a Senior Data Scientist for a major healthcare corporation that is building out a new data analytics team in Chicago....,Chicago, IL
Principal Data Scientist,Jobspring Partners,"Chicago,  IL",140000,This company's Chicago office is seeking a Principal Data Scientist to lead a team and develop machine learning algorithms and other procedures to figure out...,Chicago, IL
Statistical Analyst,The LaSalle Network,"Chicago,  IL",80000,Experience with data management and data integration. Looking to grow your career in data analysis and statistical modeling?...,Chicago, IL
Statistical Analyst -- Health-7444,S.C. International,"Chicago,  IL",80000,Extremely successful consulting practice has an immediate need for a Statistical Analyst. Our client is an industry leader in consulting to the healthcare,Chicago, IL
Quantitative Risk Analyst,Huxley Associates,"Chicago,  IL",100000,"Are you an expert in Mathematics and looking for your second job out of school? My client, a World Wide Leader in the Banking Industry is looking to hire a",Chicago, IL
Open Source Geniuses,Hirewell,"Chicago,  IL",120000,"Familiarity with political technology and data. As a Software Engineer, you will join our Chicago-based technology team, working collaboratively with other...",Chicago, IL
Quantitative Analyst,Huxley Banking & Financial Services,"Chicago,  IL",100000,The Role:  A Global Investment Bank is looking to hire a Quantitative Analyst to join our Middle Office team. This Chicago based position is for an,Chicago, IL
Research Analyst-Clearing House,Huxley Banking & Financial Services,"Chicago,  IL",90000,"Research Analyst-Top Clearing House My client, a high end Clearing Firm is looking to hire a Research Analyst to join their team. The Research Analyst will",Chicago, IL
"Data Scientist (Python, Spark, AWS)",Workbridge Associates,"Chicago,  IL",110000,A digital marketing firm located in River North is looking for a Data Scientist to join their growing analytics team....,Chicago, IL
"Lead Data Scientist (Tableau, RShiny, D3)",Workbridge Associates,"Chicago,  IL",130000,Hiring for a Senior-Lead Data Scientist for a major healthcare corporation that is building out a new data analytics team in Chicago....,Chicago, IL
"Data Scientist (Python, Spark, AWS)",Workbridge Associates,"Chicago,  IL",92500,A digital marketing firm located in River North is looking for a Data Scientist to join their growing analytics team....,Chicago, IL
Quantitative Risk Analyst,Huxley Banking & Financial Services,"Chicago,  IL",90000,Do you love working on a variety of projects that involve complex modeling methods and exciting technology? A leader in the Financial Technology Space is,Chicago, IL
Senior Data Engineer with Machine Learning,Jobspring Partners,"Chicago,  IL",125000,Strong data mining and extraction. We’re looking to bring on a Senior Data Engineer with strong Machine Learning experience to perform both the development and...,Chicago, IL
Manager-Quantitative Analyst,Huxley Banking & Financial Services,"Chicago,  IL",120000,Work with technology teams to streamline processes and enhance data integrity. A leader in the Financial Technology Industry is looking to hire a Senior...,Chicago, IL
Environmental Soil Scientist,Metropolitan Water Reclamation District of Greater...,"Chicago,  IL",95932,"Research design, statistics and data analysis methods; Under immediate professional supervision, supervises and participates in the work of technical and...",Chicago, IL
Senior Statistical Analyst,Smith Hanley Associates,"Chicago,  IL",85000,"Experience in modeling, forecasting, segmentation and data mining. Tell a story with the data, improve CRM initiatives, and enhance campaigns to drive results....",Chicago, IL
Machine Learning Engineer,Jobspring Partners,"Chicago,  IL",135000,This SaaS company located in downtown Chicago partners up with sports teams and brands to evaluate the value of sponsors. They do this by recommending how it,Chicago, IL
Full Stack Developer,Workbridge Associates,"Chicago,  IL",80000,Interest in Data Science is a huge plus. As a developer here you’ll get a chance to work in a beautiful co-op space with some of Chicago’s most intelligent data...,Chicago, IL
Postdoctoral Fellow in Stem Cell Biology and Pharmacogenomic...,Northwestern University,"Chicago,  IL",47484,This position is highly suitable for those interested in pursuing a career as an independent academic scientist....,Chicago, IL
Principal Machine Learning Engineer,Jobspring Partners,"Chicago,  IL",160000,We are looking to bring on a Principal Data Scientist to join our growing data engineering team in the Loop....,Chicago, IL
Data Scientist,Huxley Associates,"Chicago,  IL",100000,The Data Scientist will gain exposure to the front office and technology teams. A leading Global Bank is looking to hire a Data Scientist to join their team in...,Chicago, IL
"Predictive Modeling, Director",Analytic Recruiting,"Chicago,  IL",125000,"Crafting the methodology, to data modeling using tools like SAS, R, SPSS, Python, and ultimately delivering final insightful recommendations....",Chicago, IL
Sr. Machine Learning Developer,All-In Analytics,"Downers Grove,  IL",75000,Experience with data extraction and analysis. Analyzes large amounts of data from our infrastructure systems....,Downers Grove, IL
Data Scientist (Machine Learning),Workbridge Associates,"Chicago,  IL",130000,A fast growing data analytics consulting shop is looking expand the development team by adding a Data Scientist in their Chicago office....,Chicago, IL
Statistical Analyst,Smith Hanley Associates,"Rosemont,  IL",75000,"Implement statistical programming, data integrity, and more to influence business solutions. Smith Hanley Associates is the premier recruiting agency serving...",Rosemont, IL
Data Scientist,Hirewell,"Evanston,  IL",150000,"Data skills, whether relating to data size, speed requirements, complexity, inconsistency, etc. Web services & data transport mechanisms....",Evanston, IL
Lead Data Scientist (Data Visualization),Workbridge Associates,"Chicago,  IL",122500,A major healthcare corporation located right in the Loop is building out a brand new data analytics team and looking for a Lead Data Scientist to help lead out...,Chicago, IL
Senior Statistical Modeler,Smith Hanley Associates,"Chicago,  IL",85000,-Ability to manipulate complex data sets and communicate insights and recommendations. -Produce segmentations to understand consumer preferences as well as...,Chicago, IL
Data Scientist -Fitness/Wellness Firm,Hirewell,"Chicago,  IL",120000,Bring structure to large quantities of data - turn unstructured data into structured data. Data Extraction Tools:....,Chicago, IL
Lead Data Scientist (NLP),Workbridge Associates,"Chicago,  IL",135000,Hiring for a Lead Data Scientist with a strong Natural Language Processing background for a major healthcare corporation that is building out a new data...,Chicago, IL
Data Scientist - Predictive Modeler - P&C/Health/Life-7644,S.C. International,"Chicago,  IL",130000,"Seeking a self-starter with 3+ years of professional experience in statistical modeling, data science, machine learning, data or text mining, and data...",Chicago, IL
Corporate Engagement Research Analyst,UC San Diego,"San Diego,  CA",56000,"Substantial experience developing and maintaining database systems using appropriate software applications in order to conduct data analytics, e.g, perform...",San Diego, CA
Lead Statistician (first in-house hire),Real Staffing,"San Diego,  CA",150000,"You must be an expert in statistical principles and able to design and review data collection strategies and instruments (such as CRFs), database design, edit...",San Diego, CA
"Staff Product Manager, Compliance Testing - Consumer Electro...",TriStaff Group,"San Diego,  CA",145000,"Principal Technical Product Manager , DRM, digital rights management, streaming video, media, game consoles, gaming, blueray, , open source, User Interface, ,...",San Diego, CA
"MEDICAL TECHNOLOGIST, DATA SYSTEMS",Los Angeles County Department of Human Resources,"Los Angeles,  CA",88765,"Clinical Laboratory Scientist, Limited Clinical Laboratory Scientist, Clinical Microbiologist Scientist License, or Public Health Microbiologist Certificate...",Los Angeles, CA
Quantitative Analyst,Montgomery Assets,"Los Angeles,  CA",97000,"Quantitative Analyst * Primary Location:  United States,Los Angeles,California * Education:  Master's Degree * Job Function:  Analysis, Research *",Los Angeles, CA
Lead Data Scientist,HERO.jobs,"Los Angeles,  CA",160000,"They need a Lead or Principal level Data Scientist who is an expert with Machine Learning to work with a talented team based near Downtown Los Angeles, CA....",Los Angeles, CA
Data Scientist (Consumer Loans),Lendmart,"Los Angeles,  CA",55000,"Performing data extraction, transformation and loading from multiple data sources. Lendmart is growing and we’re looking for a Data Scientist with industry...",Los Angeles, CA
Jr. Data Scientist,FullDeck,"Los Angeles,  CA",50000,"Data Scientist for our client, a fast-growing tech company with high profile entertainment clients! This person will work autonomously in a very collaborative...",Los Angeles, CA
Senior Data Scientist,Elevano,"Los Angeles,  CA",160000,Our Client is looking for a very strong Senior Data Scientist. Our Client is a very well funded FinTech company leaning heavily on machine learning algorithms...,Los Angeles, CA
Investigations & Research Analyst,Gavin de Becker & Associates,"Beverly Hills,  CA",42500,"Mission & Service Los Angeles, CA Gavin de Becker & Associates is a dynamic security firm innovating threat assessment and public figure protection.",Beverly Hills, CA
scientist,Liberos LLC,"Los Angeles,  CA",50000,"Screen/Store/Transmit psychophysiological data. Nicole Prause in Hollywood and Venice, California collecting, analyzing, and writing complex physiological data...",Los Angeles, CA
Data Entry & Analysis Specialist,FullDeck,"Los Angeles,  CA",37500,We have an immediate need for a Data Entry Specialist to support our tech client’s Data Science team. This person will work autonomously in a very collaborative...,Los Angeles, CA
"Sr. Data Scientist Needed for Top LA Start-Up, Huge Opportun...",ConSol Partners,"Los Angeles,  CA",160000,"Leading content discovery platform seeking Senior Data Scientist to join evolving, entrepreneurial Big Data team with their rapidly growing organization....",Los Angeles, CA
SUPERVISING CLINICAL LABORATORY SCIENTIST II,Los Angeles County Department of Human Resources,"Los Angeles,  CA",92328,Option I - Two (2) years of experience as a Clinical Laboratory Scientist II**. **Supervising Clinical Laboratory Scientist I in the County of Los Angeles is...,Los Angeles, CA
Research Scientist,Arete Associates,"Northridge,  CA",104500,"Assess algorithm performance on real-world data. Sensor applications including EO/IR and radar, data analysis, signal processing, machine learning, algorithm...",Northridge, CA
"Market Research Analyst, Automotive Electronics",Parallel Partners,"Torrance,  CA",67500,"Devise and evaluate methods and procedures for collecting data (surveys, opinion polls, or questionnaires), or arrange to obtain existing data....",Torrance, CA
Computational Scientist,Arete Associates,"Northridge,  CA",84500,"Assess algorithm performance on real-world data. Sensor applications including EO/IR and radar, data analysis, signal processing, machine learning, algorithm...",Northridge, CA
Senior iOS Developer,LT,"Los Angeles,  CA",170000,"There is currently three Data Scientists. Data Science is using R, Hadoop, Spark, Python and more. My client a leading consumer facing Application Company...",Los Angeles, CA
Computer Vision Data Scientist,MACP Los Angeles,"Los Angeles,  CA",185000,We are looking for a Senior Data Scientist with experience applying state of the art machine learning algorithms to massive data sets.Some of the projects that...,Los Angeles, CA
Property and Casualty Predictive Modeler #74851,Ezra Penland Actuarial Recruitment,"Los Angeles,  CA",160000,"Client prefers this data scientist to have 8 to 15 years of experience, approximately. Must have experience with advanced statistical analysis of insurance...",Los Angeles, CA
LC/MS Clinical Laboratory Scientist,Lighthouse Recruiting,"Pasadena,  CA",95000,"Join our Medical Laboratory Scientists Groups:. And also performing quantitative analysis, data review and certifying and releasing results....",Pasadena, CA
Data & Research Analyst,The Council,"Washington,  DC",82500,"Provides business-owner collaboration for The Council's data architecture strategy including overall data design and structure, data integrity, and database...",Washington, DC
Senior Research & Policy Analyst,Population Action International (PAI),"Washington,  DC",72500,"Lead brown-bag discussions, and provide analysis to staff, advise on reliable data sources, retrieve data and perform original calculations;...",Washington, DC
Data Scientist,"Gunther Douglas, Inc.","Washington,  DC",125000,"Compri Consulting's global client is seeking a *Data Scientist*. Experience writing code and using data science tools such as SQL, Python, Tableau, ArcGIS, and...",Washington, DC
Research Analyst,American Society for Engineering Education (ASEE),"Washington,  DC",50000,"Collects and analyzes survey data; Experience with/ interest in data visualization (Tableau and Qlik). Prepares reports, gathers data, composes correspondence...",Washington, DC
Criminal Patronage Network (CPN) Research Analyst / Advisor,Quiet Professionals LLC,"Reston,  VA",180000,\*THIS POSITION IS IN KABUL\* Resume must reflect requirements to be considered. Salary ranges from $180k-$220k based on experience. The Criminal,Reston, VA
Business Development/ Market Research Analyst,Eyebrow Express,"Alexandria,  VA",43200,Eyebrow Express is a personal services company located in Alexandria and we are looking to expand our operations by opening more locations in the Washington,Alexandria, VA
Senior Product Manager,Catalist,"Washington,  DC",85000,"Conversant understanding of relational data and analytic data warehouses. Catalist is home to a dedicated, creative team of technologists, data scientists and...",Washington, DC
Afghan Ministry of Defense (MoD) Research Analyst/Advisor,Quiet Professionals LLC,"Reston,  VA",200000,\*THIS POSITION IS IN KABUL\* Resume must reflect requirements to be considered. Salary ranges from $180k-$220k based on experience. *Afghan Ministry,Reston, VA
Research Development Engineer/Scientist,TULK llc,"Alexandria,  VA",160000,We are seeking a research scientist that applies theory to observables or proxy data to address intelligence issues in the geospatial domain....,Alexandria, VA
Data Scientist (Math background),Jobspring Partners,"Washington,  DC",250000,"The data scientist will develop and implement new methods. The senior data scientist will be working on research, development, and methodology....",Washington, DC
Front End Developer,FlashX,"Silver Spring,  MD",90000,Please note that we are NOT looking for data scientists. FlashX is looking for rising superstars in front end development to help build an open source platform...,Silver Spring, MD
Credit Risk Transfer Research Analyst,iiTS,"Washington,  DC",140000,"Familiarity with Fannie Mae’s historical credit performance and data. Enthusiasm to analyze large data sets and work on hard, ill-defined problems....",Washington, DC
Analytic Methodologist,Central Intelligence Agency,"Washington,  DC",72951,"They also partner with substantive experts and data scientists to develop and prototype new methodological approaches and tools, applying them in novel ways to...",Washington, DC
Software Engineer,FlashX,"Silver Spring,  MD",100000,Please note that we are not looking for data scientists. FlashX is looking for rising superstars in software engineering to help develop an open source platform...,Silver Spring, MD
Big Data/IoT Software Engineer,Jobspring Partners,"Washington,  DC",130000,"IoT, Big Data, Java, Scala, Python, Analytics, Sensor, Machine Learning, Spark, Accumulo, Kafka, RabbitMQ, ETL, NoSQL, Storm, Data Scientist, Github....",Washington, DC
Senior Systems Administrator,Impact Research,"Columbia,  MD",92500,"Impact Research is a small business located in Columbia, Maryland that specializes in Transportation Research and Data Analysis....",Columbia, MD
"Senior Software Engineer (Data Engineer, IoT)",Jobspring Partners,"Washington,  DC",135000,"IoT, Big Data, Java, Scala, Python, Analytics, Sensor, Machine Learning, Spark, Accumulo, Kafka, RabbitMQ, ETL, NoSQL, Storm, Data Scientist, Github....",Washington, DC
Research Associate Level I (Process Development Dpt.),"ProMetic BioTherapeutics, Inc. (PBT)","Rockville,  MD",46000,"The candidate will be responsible for leaning basic purification techniques, buffer preparation, column packing, data entry, and performs routine laboratory...",Rockville, MD
Research Analyst - Law Firm,Fawkes IDM,"Washington,  DC",75000,"An international law firm with offices in Washington, D.C. is seeking a Research Analyst to be responsible for responding to reference and research requests",Washington, DC
Machine Learning Data Engineer (Manager),Jobspring Partners,"Washington,  DC",140000,"Professional Data Science experience. Familiarity with big data technologies (Hadoop) is preferred. Right now, this rapidly expanding division is seeking a...",Washington, DC
Senior Credit Risk Transfer Research Analyst,KVR Consultant,"Alexandria,  VA",135000,"Familiarity with historical credit performance and data. Enthusiasm to analyze large data sets and work on hard, ill-defined problems....",Alexandria, VA
OPIR Scientist - Laser Specialist 1,TULKORP.,"Alexandria,  VA",97000,"Supports GEOINT analysis and operation support for data processing, data analysis and analytic support. Responsible for supporting processing, exploitation and...",Alexandria, VA
Principal Environmental Engineer,WSSC,"Laurel,  MD",93986,"Ability to plan and oversee the work of professional engineers and scientists; Supports and works with scientists, engineers and other employees in the study...",Laurel, MD
Data Scientist,Jobspring Partners,"Philadelphia,  PA",160000,This candidate will lead a team of data scientists and data engineers that develop the data processing engine that analyze and translate data from medical...,Philadelphia, PA
Principal Data Scientist,Averity,"Philadelphia,  PA",157500,We are hiring a Principal Data Scientist to join one of the country's largest media companies that is putting a large focus and investment in data science....,Philadelphia, PA
Program Manager - Data Analysis/Insider Threat,Pamir Consulting,"Philadelphia,  PA",85000,"Event and Data Management System. Serve as global subject matter expert for Intellectual Property & Trades Secret Protection event and data management system,...",Philadelphia, PA
Senior Software Engineer (Scala),Juno Search Partners,"Philadelphia,  PA",120000,"Their academic platform helps answer questions around data sharing and analysis, helping scientists and medical professionals make better decisions within...",Philadelphia, PA
Data Scientist,Workbridge Associates,"Philadelphia,  PA",107500,Data Mining experience. If you’re a Data Scientist or aspiring that leverages a healthy amount of Machine Learning and Predictive Modeling with either Python or...,Philadelphia, PA
"Backend Java Developer - Fully AWS, Machine Learning, BioPha...",Workbridge Associates,"Philadelphia,  PA",125000,"One of the area’s most successful startups are looking to bring on a seasoned, polyglot programmer to help continue to build out their proprietary SaaS model",Philadelphia, PA
Quantitative Analyst (Big Data Focus) at $10+ Billion Hedge...,Averity,"Philadelphia,  PA",250000,Source and build large data sets to utilize your abilities to conduct statistical and mathematical analysis....,Philadelphia, PA
Clinical Study Associate Trial Master File – TMF,inVentiv Health Clincal,"Collegeville,  PA",56000,"At least 3 years’ experience from a CRO or Sponsor Company working in clinical research, clinical operations or data scientist roles (eg Study Manager, Clinical...",Collegeville, PA
Digital Marketing (Data Scientist),"Kennedy Unlimited Inc, Professional Staffing","Wilmington,  DE",115000,Responsibilities of the Digital Marketing (Data Scientist). Fill Key job opening in Digital Marketing (Data Scientist). Salary 100K to 130K....,Wilmington, DE
Scientist,HumanEdge,"Cherry Hill,  NJ",97500,"Utilize advanced chemical knowledge, data, modeling and statistical tools to solve technical challenges. Our client in Southern New Jersey is looking to bring...",Cherry Hill, NJ
Personal Care Formulation Scientist,Chatham Group,"Philadelphia,  PA",57000,"Assists in the development of the promotional materials such as demo formulations, formulation data sheets, trade magazine articles, technical data sheets,...",Philadelphia, PA
Data Scientist,Liberty Personnel Services,"Wilmington,  DE",140000,Data Scientist – Financial Environment – SQL R SAS. We are currently looking for a Data Scientist to join our team in Wilmington DE....,Wilmington, DE
Data Scientist Healthcare,Harnham,"Philadelphia,  PA",130000,"Data Scientist - Healthcare. Reporting to the Manager of the Data Science team, as a Data Scientist you will be solving some of healthcare's most ground...",Philadelphia, PA
"Data Scientist - Analytical Experiments, Analytical Tools","Computer Enterprises, Inc.","Philadelphia,  PA",140000,"Creates actionable insight and understanding, through the analysis of both quantitative and qualitative data, building recommendations that directly address...",Philadelphia, PA
Machine learning / AI / Restful API web services Engineer at...,CareerMonks,"Atlanta,  GA",120000,"Familiarity with No SQL databases, bot framework, data streaming and integrating unstructured data will be plus. Data exchange technologies like JSON *....",Atlanta, GA
Supervisory Health Scientist,Centers for Disease Control and Prevention,"Atlanta,  GA",143516,As a Supervisory Health Scientist you will:. For laboratory informatics and data science related to public health programs....,Atlanta, GA
Senior Research Analyst,"Competitive Promotion Report, LLC","Marietta,  GA",50000,Extracting relevant data from the CPR databases and combining with data from external sources. Quickly acquire knowledge of CPR’s databases and take actions to...,Marietta, GA
Business Research Analyst,CI Radar,"Norcross,  GA",31000,Who We Are CI Radar is the premier provider of competitive intelligence services for B2B (business to business) companies. We help both startups and Fortune,Norcross, GA
Laboratory Aide 3,Georgia Department of Public Health,"Atlanta,  GA",24000,"Under broad supervision, assists technicians and laboratory scientists with data or specimen collection and laboratory procedures....",Atlanta, GA
Senior Statistical Consultant,Principle Solutions Group,"Roswell,  GA",120000,Knowledge of credit bureau and alternative data a plus. 5+ years of experience in statistical credit risk modeling and quantitative data analysis....,Roswell, GA
Statistician - Model Validation,Smith Hanley Associates,"Atlanta,  GA",105000,"-Provide expertise in problem design, data development, model development, and ongoing model monitoring and validation. Smith Hanley Associates....",Atlanta, GA
"Principal Data Scientist, Sequencing",Enterprise Select,"Santa Clara,  CA",150000,"As a principal data scientist in machine learning, you will explore an exciting new application of neural networks....",Santa Clara, CA
Data Scientist,Jobspring Partners,"Palo Alto,  CA",175000,"Along with experience in building data pipelines, you should be a positive person that is ready to work and take on new challenges....",Palo Alto, CA
Data Scientist,ITStaff Technical Resources,"Santa Clara,  CA",102500,They’re looking for a data scientist who's passionate about performing analysis and driving development utilizing DNA sequencing technology....,Santa Clara, CA
"Principal Software Engineer, Data Science",MatchPointe Group,"Santa Clara,  CA",125000,"Principal Software Engineer, Data Science. Experience in large-scale use of cloud computing for massive data....",Santa Clara, CA
Principal Data Scientist,ITStaff Technical Resources,"Santa Clara,  CA",125000,Data exploration and collaboration with scientists from diverse fields to advance DNA sequencer technology development....,Santa Clara, CA
Senior Data Scientist,Workbridge Associates,"Mountain View,  CA",200000,Experience with large data sets and predictive analysis. A fast paced startup in Mountain View is taking on social media marketing and looking for a Senior Data...,Mountain View, CA
SENIOR ARTICIAL INTELLIGENCE (AI)/ DATA SCIENTIST,"TW STAFFING SOLUTIONS,INC","San Jose,  CA",175000,"SENIOR DATA SCIENTIST ARTIFICIAL INTELLIGENCE (AI)*. Relocation available to San Jose, California for those with Ph.D.’s in computer science/engineering with...",San Jose, CA
"Data Scientist II, Sequencing",Enterprise Select,"Pleasanton,  CA",120000,"As a Data Scientist, you will be performing analysis to drive development of our sequencing technology. Using command line tools to perform data conversion and...",Pleasanton, CA
Senior Machine Learning Data Scientist,Workbridge Associates,"Pleasanton,  CA",200000,Leading provider of mortgage software solutions has founded a new high-visibility Data Engineering & Machine Learning organization and is seeking Data...,Pleasanton, CA
Bioinformatics Engineer,ITStaff Technical Resources,"Santa Clara,  CA",120000,They’re looking for a data scientist that’s passionate about performing analysis to drive development utilizing sequencing technology....,Santa Clara, CA
Mid-Level QA Engineer,Workbridge Associates,"San Jose,  CA",100000,They will be working collaboratively with a team of multiple developers and data scientists. This Silicon Valley tech giant of financial services is molding the...,San Jose, CA
Data Scientist,Jobspring Partners,"San Jose,  CA",160000,A South Bay based healthcare analytics start up is looking for a Data Scientist to join their growing team. They are working on a custom analytics platform that...,San Jose, CA
Senior Data Scientist,Workbridge Associates,"San Jose,  CA",180000,The company we are working with offers a predictive interaction solution for financial institutions to deliver personalized customer experiences across online,San Jose, CA
Senior Data Engineer / Senior Data Scientist,Harnham,"Mountain View,  CA",160000,Harnham are exclusively partnering with a leading enterprise social listening platform in their search for a Senior Data Engineer/ Data Scientist....,Mountain View, CA
Data Scientist (Finance Company),Workbridge Associates,"San Jose,  CA",190000,The South Bay company we are working with offers a predictive interaction solution for financial institutions to deliver personalized customer experiences,San Jose, CA
Machine Learning Engineer - Computer Vision,Jobspring Partners,"San Jose,  CA",190000,We are currently working with one of the hottest startups in the UAV space that is building the future of autonomous flight. Their commercial drones are,San Jose, CA
Mid-Level Data Scientist,Workbridge Associates,"Sunnyvale,  CA",100000,"Any other experience within data scalability, data validation, data modeling, and data mining HUGE, HUGE plus!!...",Sunnyvale, CA
Data Entry/research analyst,ESG Consulting Inc,"Santa Clara,  CA",35000,Data Entry/research analyst*. Review and analyze data and strategize ways to improve data entry process. The data analyst is a key member of the operations team...,Santa Clara, CA
STAFF DATA SCIENTIST / DEEP LEARNING,TERADEEP INC.,"Campbell,  CA",140000,Large Scale Data Extraction and Preparation. Develops Deep Learning HW & SW Acceleration solutions for datacenter applications....,Campbell, CA
Mid-Level Machine Learning Data Scientist,Workbridge Associates,"Sunnyvale,  CA",190000,Leading provider of mortgage software solutions has founded a new high-visibility Data Engineering & Machine Learning organization and is seeking Mid-Level Data...,Sunnyvale, CA
Senior Machine Learning Scientist,Tandem Recruiting Group,"Santa Clara,  CA",180000,"Its Research Institute accumulates over a decade R&D experience in Video Camera, Image Processing, Video Transmission and Display, Data Storage, Artificial...",Santa Clara, CA
Machine Learning Infrastructure Engineer,Jobspring Partners,"San Jose,  CA",150000,You will play a critical role in building the world's first mainstream solution to machine learning powered by an autonomous distributed system that infers...,San Jose, CA
Senior Machine Learning Engineer,Jobspring Partners,"San Jose,  CA",190000,Want to work for one of the most recognizable companies in the world? Chances are someone in your network uses their products on a daily basis. This office in,San Jose, CA
Government Enterprise Architect,xentity corporation,"Denver,  CO",111000,"Validate data models (logical and physical) for adherence to data management standards. Maintain a data dictionary containing information about data, including...",Denver, CO
SR RESEARCH ANALYST - 17096,Denver Public Schools,"Denver,  CO",69673,"Support Research & Evaluation team with annual assessment releases, data requests, and development and validation of key metrics, production databases created...",Denver, CO
Lead Data Scientist,Edgelink,"Denver,  CO",135000,Big Data Experience. Develop data pipeline to acquire test data for use in model testing. Work with sensor data to understand physical manifestation....,Denver, CO
"Head, Jerry Crail Johnson Earth Sciences & Map Library",University of Colorado,"Boulder,  CO",65000,Spatial data infrastructure. Experience in developing geoscience data services; Research of scientists in the College of Arts & Sciences as well as several....,Boulder, CO
Manager of FP&A,"Community Investors, Inc.","Denver,  CO",50000,"If you think you might not have all of the requisite data scientist skills, don’t sweat it. You probably have a degree in data science, finance or some other...",Denver, CO
